-- Datos exportados desde PostgreSQL local
-- Fecha: 2025-10-07T16:56:36.096Z
-- IMPORTANTE: Ejecutar en orden

-- 1. COMPANIES
INSERT INTO companies (company_id, name, slug, email, phone, address, city, country, tax_id, is_active, max_employees, contracted_employees, license_type) VALUES (1, 'APONNT - Empresa Demo UPDATED', 'aponnt-empresa-demo', NULL, '555-0001', 'Av. Demo 123', NULL, 'Argentina', '20-12345678-9', true, 50, 1, 'premium') ON CONFLICT (slug) DO NOTHING;
INSERT INTO companies (company_id, name, slug, email, phone, address, city, country, tax_id, is_active, max_employees, contracted_employees, license_type) VALUES (2, 'Empresa Test', 'empresa-test', NULL, '555-0002', 'Calle Test 456', NULL, 'Argentina', '20-87654321-0', true, 50, 1, 'basic') ON CONFLICT (slug) DO NOTHING;
INSERT INTO companies (company_id, name, slug, email, phone, address, city, country, tax_id, is_active, max_employees, contracted_employees, license_type) VALUES (4, 'Test Company', 'test-company-1757883701540', NULL, NULL, NULL, NULL, 'Argentina', '20-99999999-9', true, 12, 1, 'basic') ON CONFLICT (slug) DO NOTHING;
INSERT INTO companies (company_id, name, slug, email, phone, address, city, country, tax_id, is_active, max_employees, contracted_employees, license_type) VALUES (5, 'Empresa Test Vendedores', 'empresa-test-vendedores', NULL, NULL, NULL, NULL, 'Argentina', '20-99999999-9', true, 50, 10, 'basic') ON CONFLICT (slug) DO NOTHING;
INSERT INTO companies (company_id, name, slug, email, phone, address, city, country, tax_id, is_active, max_employees, contracted_employees, license_type) VALUES (10, 'Test Update API', 'test-crud-company', NULL, NULL, NULL, NULL, 'Argentina', '20-88888888-8', true, 25, 1, 'basic') ON CONFLICT (slug) DO NOTHING;
INSERT INTO companies (company_id, name, slug, email, phone, address, city, country, tax_id, is_active, max_employees, contracted_employees, license_type) VALUES (11, 'ISI', 'api-test-company', NULL, NULL, NULL, NULL, 'Argentina', '20-77777777-7', true, 15, 1, 'basic') ON CONFLICT (slug) DO NOTHING;
INSERT INTO companies (company_id, name, slug, email, phone, address, city, country, tax_id, is_active, max_employees, contracted_employees, license_type) VALUES (19, 'Transportes del Norte S.A.', 'transportes-norte', 'admin@transportesnorte.com.ar', '+54-387-4567890', 'Ruta 9 Km 1456', 'Salta', 'Argentina', NULL, true, 50, 25, 'basic') ON CONFLICT (slug) DO NOTHING;
INSERT INTO companies (company_id, name, slug, email, phone, address, city, country, tax_id, is_active, max_employees, contracted_employees, license_type) VALUES (20, 'Logística del Sur', 'logistica-sur', 'contacto@logisticasur.com.ar', '+54-297-3456789', 'Av. San Martín 2456', 'Comodoro Rivadavia', 'Argentina', NULL, true, 50, 18, 'basic') ON CONFLICT (slug) DO NOTHING;
INSERT INTO companies (company_id, name, slug, email, phone, address, city, country, tax_id, is_active, max_employees, contracted_employees, license_type) VALUES (21, 'Ganado Express', 'ganado-express', 'info@ganadoexpress.com.ar', '+54-221-5678901', 'Ruta 226 Km 45', 'La Plata', 'Argentina', NULL, true, 50, 42, 'basic') ON CONFLICT (slug) DO NOTHING;
SELECT setval('companies_company_id_seq', 21, true);

-- 2. USERS
INSERT INTO users (user_id, "employeeId", usuario, "firstName", "lastName", email, password, role, company_id, is_active) VALUES ('0393c9cd-5ae4-410d-a9d9-9446b7f15bd2', 'EMP_1759577753999', 'auto_user_1759577754051', 'Usuario', 'Automatizado 61', 'auto_user_1759577754051@testing.com', '$2a$12$ss36CB1S.UI3GoyQ7K42eOTnp6FXXbkhxG73oklyuDJ.7drPoVpzW', 'employee', 11, true) ON CONFLICT ("employeeId") DO NOTHING;
INSERT INTO users (user_id, "employeeId", usuario, "firstName", "lastName", email, password, role, company_id, is_active) VALUES ('03b5ff4c-0a05-47f9-b52a-deeb96219c10', 'EMP_1759577766454', 'auto_user_1759577766544', 'Usuario', 'Automatizado 99', 'auto_user_1759577766544@testing.com', '$2a$12$EnWKteF7afVlxsqhk6Mcbe2wCpnHBe8Xp/iwCVTsIz9qVapKY9jTi', 'employee', 11, true) ON CONFLICT ("employeeId") DO NOTHING;
INSERT INTO users (user_id, "employeeId", usuario, "firstName", "lastName", email, password, role, company_id, is_active) VALUES ('071ddaaa-43f4-4144-a96c-810ce339c4e2', 'EMP_1759577746608', 'auto_user_1759577746638', 'Usuario', 'Automatizado 39', 'auto_user_1759577746638@testing.com', '$2a$12$rdLbKpxfI/AY8YiId5g2WONRWE5WDFlnTG8UFb9GaHCiQ58BsXP.a', 'employee', 11, true) ON CONFLICT ("employeeId") DO NOTHING;
INSERT INTO users (user_id, "employeeId", usuario, "firstName", "lastName", email, password, role, company_id, is_active) VALUES ('0a947695-01e7-4df9-a37e-b6cad695842f', 'EMP_1759577753341', 'auto_user_1759577753391', 'Usuario', 'Automatizado 59', 'auto_user_1759577753391@testing.com', '$2a$12$rXxOLQIb/CHhMApV5gxUgOM6MQ47D7TmooqzdIsKDbAjPs7HD0.uu', 'employee', 11, true) ON CONFLICT ("employeeId") DO NOTHING;
INSERT INTO users (user_id, "employeeId", usuario, "firstName", "lastName", email, password, role, company_id, is_active) VALUES ('0a9fb496-2edb-40bf-8219-52af0080a518', 'EMP_1759577764550', 'auto_user_1759577764635', 'Usuario', 'Automatizado 93', 'auto_user_1759577764635@testing.com', '$2a$12$VfIOs/JQUnnNcUZq9VCum.JF/V90iNvnmJH9ealUbvEUirpRnZ2Fe', 'employee', 11, true) ON CONFLICT ("employeeId") DO NOTHING;
INSERT INTO users (user_id, "employeeId", usuario, "firstName", "lastName", email, password, role, company_id, is_active) VALUES ('0c9d6f48-c2a1-4381-9f56-3c0bf47cb4c6', 'EMP_1759577736244', 'auto_user_1759577736240', 'Usuario', 'Automatizado 8', 'auto_user_1759577736240@testing.com', '$2a$12$n2/8eICfBCg05USGU9IkEOdFTiBfX/8mMof9uPabk354aEBKjX1Aa', 'employee', 11, true) ON CONFLICT ("employeeId") DO NOTHING;
INSERT INTO users (user_id, "employeeId", usuario, "firstName", "lastName", email, password, role, company_id, is_active) VALUES ('115a4cf0-a0b9-439f-9ccf-ab2d7f35060a', 'EMP_1759577735576', 'auto_user_1759577735572', 'Usuario', 'Automatizado 6', 'auto_user_1759577735572@testing.com', '$2a$12$kzRQ9nwt8FHVtLoBdlQ5aeHmVNKvrGD9me7Pi0OwZDctrXP10TV8G', 'employee', 11, true) ON CONFLICT ("employeeId") DO NOTHING;
INSERT INTO users (user_id, "employeeId", usuario, "firstName", "lastName", email, password, role, company_id, is_active) VALUES ('13083061-7449-46e9-b312-a3ffd5083660', 'EMP_1759577744619', 'auto_user_1759577744642', 'Usuario', 'Automatizado 33', 'auto_user_1759577744642@testing.com', '$2a$12$Rt55tyHNLevDSvWrBf.kQeVUl7GcVCx7gCf75EH074zIQqTmghCyG', 'employee', 11, true) ON CONFLICT ("employeeId") DO NOTHING;
INSERT INTO users (user_id, "employeeId", usuario, "firstName", "lastName", email, password, role, company_id, is_active) VALUES ('16ff54f0-ba17-45fe-9ea4-9b1c875a9892', 'EMP_1759577756236', 'auto_user_1759577756296', 'Usuario', 'Automatizado 68', 'auto_user_1759577756296@testing.com', '$2a$12$KiVfvkQe.AYPLKEfecPGteiyWcDzwzSOo7UNl3gJO4BNIM5Y507BO', 'employee', 11, true) ON CONFLICT ("employeeId") DO NOTHING;
INSERT INTO users (user_id, "employeeId", usuario, "firstName", "lastName", email, password, role, company_id, is_active) VALUES ('17825d7d-fb76-4827-b9a5-b561ed023887', 'EMP_1759577746927', 'auto_user_1759577746959', 'Usuario', 'Automatizado 40', 'auto_user_1759577746959@testing.com', '$2a$12$ewzRh8VxqJoLOEd/s8xjR.2wCro0OxLP1gN5hTS7YLYEDs5dR6wW6', 'employee', 11, true) ON CONFLICT ("employeeId") DO NOTHING;
INSERT INTO users (user_id, "employeeId", usuario, "firstName", "lastName", email, password, role, company_id, is_active) VALUES ('18fd58d6-7d2e-4887-bec4-3a7d940355b0', 'EMP_1759539888920', 'test1759539888903', 'Usuario Actualizado', 'Testing Real DB v2', 'updated1759539888903@testing.com', '$2a$12$UmPZfxA0u9zVsWNDs4c57.BsXJKQY5umScnAPIopxlU/B8C.ew57u', 'employee', 11, true) ON CONFLICT ("employeeId") DO NOTHING;
INSERT INTO users (user_id, "employeeId", usuario, "firstName", "lastName", email, password, role, company_id, is_active) VALUES ('1fd45132-a40d-4680-b5f1-875b496cbe6c', 'EMP_1759577751290', 'auto_user_1759577751334', 'Usuario', 'Automatizado 53', 'auto_user_1759577751334@testing.com', '$2a$12$x/6vaG93GJ.pGK7.JPnSfe63jT9PFmwy7hKCpZrlzsoqXKCRUnBkq', 'employee', 11, true) ON CONFLICT ("employeeId") DO NOTHING;
INSERT INTO users (user_id, "employeeId", usuario, "firstName", "lastName", email, password, role, company_id, is_active) VALUES ('20745b57-b933-475d-a73a-06ab8809ce99', 'EMP_1759577760870', 'auto_user_1759577760942', 'Usuario', 'Automatizado 82', 'auto_user_1759577760942@testing.com', '$2a$12$gq9K7pkHA76y5ZqUsWQ01.c4Z/J0hyinI3oGxMjnc1JIyQe2JvOCK', 'employee', 11, true) ON CONFLICT ("employeeId") DO NOTHING;
INSERT INTO users (user_id, "employeeId", usuario, "firstName", "lastName", email, password, role, company_id, is_active) VALUES ('224a08de-f734-4532-81b7-1f1051be6041', 'EMP_1759577759762', 'auto_user_1759577759833', 'Usuario', 'Automatizado 79', 'auto_user_1759577759833@testing.com', '$2a$12$aeZYtfQyuAwbUZ0PlE2VH.5ExcRBKaLebBhy20dfJ2RSTCX2jemYa', 'employee', 11, true) ON CONFLICT ("employeeId") DO NOTHING;
INSERT INTO users (user_id, "employeeId", usuario, "firstName", "lastName", email, password, role, company_id, is_active) VALUES ('23366d94-d166-4f64-925b-b4ea68870d44', 'EMP_1759577762578', 'auto_user_1759577762656', 'Usuario', 'Automatizado 87', 'auto_user_1759577762656@testing.com', '$2a$12$Edb8mz/Blc6R/mNZN7JKN.GgZjF.5oZlYYTWdBtl.wXyue5ogAQhy', 'employee', 11, true) ON CONFLICT ("employeeId") DO NOTHING;
INSERT INTO users (user_id, "employeeId", usuario, "firstName", "lastName", email, password, role, company_id, is_active) VALUES ('279d2bdc-1266-4bd6-908d-4641a39b8fba', 'EMP_1759577764866', 'auto_user_1759577764952', 'Usuario', 'Automatizado 94', 'auto_user_1759577764952@testing.com', '$2a$12$gDxcuZKn4cX.fP4IyUBrKOBwNDJ/evIQMvY/GP.sNzQ0oP8wpCDCK', 'employee', 11, true) ON CONFLICT ("employeeId") DO NOTHING;
INSERT INTO users (user_id, "employeeId", usuario, "firstName", "lastName", email, password, role, company_id, is_active) VALUES ('2e857b30-3533-4f91-b26e-20478143a523', 'ADM_2', 'administrador1', 'Administrador', 'Empresa', 'admin@empresa-test.com', '$2b$10$MnLL1LcDmO9SXj7fbwIe0eNslVENzgZ1t0fI1Nzyvmx6kfDtDfOhC', 'admin', 2, true) ON CONFLICT ("employeeId") DO NOTHING;
INSERT INTO users (user_id, "employeeId", usuario, "firstName", "lastName", email, password, role, company_id, is_active) VALUES ('2f3dfca4-d53b-4b92-9da6-25a122397a5c', 'EMP_1759577748261', 'auto_user_1759577748295', 'Usuario', 'Automatizado 44', 'auto_user_1759577748295@testing.com', '$2a$12$3DA1KywR9pSaffmYCcpuZefodFn.PxeW8RqIJgT9MKp.ktMZoFP3q', 'employee', 11, true) ON CONFLICT ("employeeId") DO NOTHING;
INSERT INTO users (user_id, "employeeId", usuario, "firstName", "lastName", email, password, role, company_id, is_active) VALUES ('2fdf5160-68a2-4b0b-8fe5-5c1190a36030', 'EMP_1759577747273', 'auto_user_1759577747304', 'Usuario', 'Automatizado 41', 'auto_user_1759577747304@testing.com', '$2a$12$QKCAEApq4pgbHwCGI/8pku9GbEbh7u.1tYdq8qUtoc02LpvInDJuS', 'employee', 11, true) ON CONFLICT ("employeeId") DO NOTHING;
INSERT INTO users (user_id, "employeeId", usuario, "firstName", "lastName", email, password, role, company_id, is_active) VALUES ('326ffae4-5d38-4ed7-98aa-fd8018052000', 'EMP_1759577763566', 'auto_user_1759577763646', 'Usuario', 'Automatizado 90', 'auto_user_1759577763646@testing.com', '$2a$12$D9NlEh.ZO.aO41ebWhC8oeG2wyWf34YstAbl2fS8I.l5W3ELD2bme', 'employee', 11, true) ON CONFLICT ("employeeId") DO NOTHING;
INSERT INTO users (user_id, "employeeId", usuario, "firstName", "lastName", email, password, role, company_id, is_active) VALUES ('3432418b-588b-490e-95a5-a50f4501a5db', 'EMP_1759577760550', 'auto_user_1759577760622', 'Usuario', 'Automatizado 81', 'auto_user_1759577760622@testing.com', '$2a$12$hQtADpml704V9ory5cYtBuPcQgadf5R6CBdXtuEY5p8Fkw0vVoYrC', 'employee', 11, true) ON CONFLICT ("employeeId") DO NOTHING;
INSERT INTO users (user_id, "employeeId", usuario, "firstName", "lastName", email, password, role, company_id, is_active) VALUES ('34760d9d-36d9-468c-8a5c-271bd9e4e483', 'EMP_1759577752039', 'auto_user_1759577752086', 'Usuario', 'Automatizado 55', 'auto_user_1759577752086@testing.com', '$2a$12$BjHloZDYbmCT6E6E2mpjPePvlc9Cn6aI0uykRMd7W92/nBdaOfCCW', 'employee', 11, true) ON CONFLICT ("employeeId") DO NOTHING;
INSERT INTO users (user_id, "employeeId", usuario, "firstName", "lastName", email, password, role, company_id, is_active) VALUES ('35820d0a-ce93-4938-8960-8be1478dfbd9', 'EMP_1759577735196', 'auto_user_1759577735191', 'Usuario', 'Automatizado 5', 'auto_user_1759577735191@testing.com', '$2a$12$w1pMm7JmCJRJVJybOVExrO1bCWwHKc0DiGyaqt8wTlqvavsC89AGm', 'employee', 11, true) ON CONFLICT ("employeeId") DO NOTHING;
INSERT INTO users (user_id, "employeeId", usuario, "firstName", "lastName", email, password, role, company_id, is_active) VALUES ('3a77083a-c57e-4124-bbca-7aba53c2ee1a', 'EMP_1759577734877', 'auto_user_1759577734870', 'Usuario', 'Automatizado 4', 'auto_user_1759577734870@testing.com', '$2a$12$A89KNbKYQXxTfvM.PxH6BulyNyOWLUDoa5dIeskfDWtoKbephViR6', 'employee', 11, true) ON CONFLICT ("employeeId") DO NOTHING;
INSERT INTO users (user_id, "employeeId", usuario, "firstName", "lastName", email, password, role, company_id, is_active) VALUES ('3c7fbc7d-eecf-4b84-9367-eac33a7125eb', 'EMP_1759577758486', 'auto_user_1759577758552', 'Usuario', 'Automatizado 75', 'auto_user_1759577758552@testing.com', '$2a$12$PXZiGSZx70pFSeKZEd3QHexhFkVkVMeZ.QiZp7pXYz6ApZLl8DrJK', 'employee', 11, true) ON CONFLICT ("employeeId") DO NOTHING;
INSERT INTO users (user_id, "employeeId", usuario, "firstName", "lastName", email, password, role, company_id, is_active) VALUES ('3d2c6d32-efb7-4d81-b7aa-9a1f81cee786', 'EMP_1759577762200', 'auto_user_1759577762277', 'Usuario', 'Automatizado 86', 'auto_user_1759577762277@testing.com', '$2a$12$w419bsfP1hjvjVup3vQxXuhzCll2vfuRBA7WEROaLG9xUP9hKJ8XK', 'employee', 11, true) ON CONFLICT ("employeeId") DO NOTHING;
INSERT INTO users (user_id, "employeeId", usuario, "firstName", "lastName", email, password, role, company_id, is_active) VALUES ('3d823d75-76bf-4c79-9dc5-a4e522494a71', 'EMP_1759577756873', 'auto_user_1759577756933', 'Usuario', 'Automatizado 70', 'auto_user_1759577756933@testing.com', '$2a$12$rylYr5LJiL3cgAMl8lXCx.HgfIBzWU1anciX.ms6ARhnsv3GLw8q.', 'employee', 11, true) ON CONFLICT ("employeeId") DO NOTHING;
INSERT INTO users (user_id, "employeeId", usuario, "firstName", "lastName", email, password, role, company_id, is_active) VALUES ('44a93dcc-5134-47ce-acb3-b309581a6376', 'EMP11ADM001', 'admin11', 'Administrador', 'Sistema', 'admin11@sistema.local', '$2b$12$lR5mztSG76/Q8iGyVXHVMOQKo4.TxYWoxAyk4c96RMcFfKMb14bEq', 'admin', 11, true) ON CONFLICT ("employeeId") DO NOTHING;
INSERT INTO users (user_id, "employeeId", usuario, "firstName", "lastName", email, password, role, company_id, is_active) VALUES ('48cb9ad3-dd05-4a8f-8bc7-38b26466858f', 'EMP_1759577763206', 'auto_user_1759577763286', 'Usuario', 'Automatizado 89', 'auto_user_1759577763286@testing.com', '$2a$12$rdeUnTDImNHVw0N.GeEzW.6xf5l4w77lEL7gtXEcaKEQdojIhY.rS', 'employee', 11, true) ON CONFLICT ("employeeId") DO NOTHING;
INSERT INTO users (user_id, "employeeId", usuario, "firstName", "lastName", email, password, role, company_id, is_active) VALUES ('4925929e-c687-4a5e-b284-d3af96274a5a', 'EMP_1759577754949', 'auto_user_1759577755002', 'Usuario', 'Automatizado 64', 'auto_user_1759577755002@testing.com', '$2a$12$b.qLTO4egNNeMK1D2jDv7u4YUzuLABZ8BqUn0/1c5dgN95eDoIEk6', 'employee', 11, true) ON CONFLICT ("employeeId") DO NOTHING;
INSERT INTO users (user_id, "employeeId", usuario, "firstName", "lastName", email, password, role, company_id, is_active) VALUES ('4aa3e80f-9fbd-48df-a5b2-9ceefd0f0c54', 'EMP_1759577754596', 'auto_user_1759577754650', 'Usuario', 'Automatizado 63', 'auto_user_1759577754650@testing.com', '$2a$12$E2bJCiL7pqQ2wG3lZoU96.b6RO9a10/UFJkavjrlDbrAElnbp0wIm', 'employee', 11, true) ON CONFLICT ("employeeId") DO NOTHING;
INSERT INTO users (user_id, "employeeId", usuario, "firstName", "lastName", email, password, role, company_id, is_active) VALUES ('4be3db8f-aa77-4f9c-9c1c-9d2e4b11eb65', 'TEST001', 'testuser', 'Test', 'User', 'test@example.com', '$2a$10$Jgx83uFjuDHU9dq6gz3uBObkFLaSTqsDOajx6av2YQ.GDAsdDySQK', 'admin', 11, true) ON CONFLICT ("employeeId") DO NOTHING;
INSERT INTO users (user_id, "employeeId", usuario, "firstName", "lastName", email, password, role, company_id, is_active) VALUES ('4e571fdf-18cd-4956-b041-d5c6958d69be', 'EMP_1759539719757', 'test1759539719748', 'Usuario Actualizado', 'Testing Real DB v2', 'updated1759539719748@testing.com', '$2a$12$xNzRmYVSWKKpMoctqFgV5e1xYoM9oNadfoz5p511afNu7c5LgS0ve', 'employee', 11, false) ON CONFLICT ("employeeId") DO NOTHING;
INSERT INTO users (user_id, "employeeId", usuario, "firstName", "lastName", email, password, role, company_id, is_active) VALUES ('52260377-4e64-45aa-a83d-3558c3cbdb51', 'EMP_1759577744926', 'auto_user_1759577744952', 'Usuario', 'Automatizado 34', 'auto_user_1759577744952@testing.com', '$2a$12$tIwSOdy1kKWuXh09BxidROd7xCoi9CMnLFg5ekvA8TuMJ6dHyCa5C', 'employee', 11, true) ON CONFLICT ("employeeId") DO NOTHING;
INSERT INTO users (user_id, "employeeId", usuario, "firstName", "lastName", email, password, role, company_id, is_active) VALUES ('54305d6b-47a6-487b-acff-eab2dbebc339', 'EMP_1759577758796', 'auto_user_1759577758863', 'Usuario', 'Automatizado 76', 'auto_user_1759577758863@testing.com', '$2a$12$68dQ6cJ2aEnjw6XAq5jF0etoMb4.3TvhV1Q0gwr8PS08nLXpqPK5G', 'employee', 11, true) ON CONFLICT ("employeeId") DO NOTHING;
INSERT INTO users (user_id, "employeeId", usuario, "firstName", "lastName", email, password, role, company_id, is_active) VALUES ('573e60f7-7e58-4834-8a85-0df8fcb3095a', 'EMP_1759535752915', 'test_1759535752904', 'Test', 'User_1759535752904', 'test_1759535752904@example.com', '$2a$12$7hM3oQwow80n4gx.c/8IPOoQh21uS1n9.INxJULTT8GRIYCQ6TmVC', 'employee', 11, false) ON CONFLICT ("employeeId") DO NOTHING;
INSERT INTO users (user_id, "employeeId", usuario, "firstName", "lastName", email, password, role, company_id, is_active) VALUES ('5a1acea7-4c12-47f7-97f2-5c2cf220a88a', 'EMP_1759577739661', 'auto_user_1759577739670', 'Usuario', 'Automatizado 18', 'auto_user_1759577739670@testing.com', '$2a$12$fVJ.0fjPmk5VeanayXR0Su7TuKjwsLwU42Lycd2uzSQ0aQOFM9Fku', 'employee', 11, true) ON CONFLICT ("employeeId") DO NOTHING;
INSERT INTO users (user_id, "employeeId", usuario, "firstName", "lastName", email, password, role, company_id, is_active) VALUES ('5dfd7529-f9c1-4d94-9a87-2d6ecd937cd9', 'EMP_1759577748885', 'auto_user_1759577748921', 'Usuario', 'Automatizado 46', 'auto_user_1759577748921@testing.com', '$2a$12$Q1pZNO5D.PBjFwL0LUZoouEjWozyajMnxYj.f7uBw0bkQ1v3m75ZW', 'employee', 11, true) ON CONFLICT ("employeeId") DO NOTHING;
INSERT INTO users (user_id, "employeeId", usuario, "firstName", "lastName", email, password, role, company_id, is_active) VALUES ('5f3d6d4f-6468-4284-87b7-f60f25a4a57b', 'EMP_1759577752707', 'auto_user_1759577752756', 'Usuario', 'Automatizado 57', 'auto_user_1759577752756@testing.com', '$2a$12$Ff2BzoBEk2AHn7ThFGha9ePghK4/FqL0UFHKbuS3VB7BqWXELqk2m', 'employee', 11, true) ON CONFLICT ("employeeId") DO NOTHING;
INSERT INTO users (user_id, "employeeId", usuario, "firstName", "lastName", email, password, role, company_id, is_active) VALUES ('5f5f7cbd-067f-4bbe-8486-c9472d540727', 'EMP_1759577737935', 'auto_user_1759577737939', 'Usuario', 'Automatizado 13', 'auto_user_1759577737939@testing.com', '$2a$12$.73usmhW8.z4xnsDvLROxOiwQaZgmso.srOUnCaoVm/Stq0Knjv1.', 'employee', 11, true) ON CONFLICT ("employeeId") DO NOTHING;
INSERT INTO users (user_id, "employeeId", usuario, "firstName", "lastName", email, password, role, company_id, is_active) VALUES ('61832718-95d4-492e-919a-49cdfaf4139a', 'EMP_1759577733920', 'auto_user_1759577733909', 'Usuario', 'Automatizado 1', 'auto_user_1759577733909@testing.com', '$2a$12$x3v/e2X3FE0YFo3u4COGKu0C9LpNSRr/br0/SHEYkSHtiQTBpWRTS', 'employee', 11, true) ON CONFLICT ("employeeId") DO NOTHING;
INSERT INTO users (user_id, "employeeId", usuario, "firstName", "lastName", email, password, role, company_id, is_active) VALUES ('636bedfc-85e4-43f4-a6b2-ab0f50b1a5b8', 'EMP_1759577752345', 'auto_user_1759577752392', 'Usuario', 'Automatizado 56', 'auto_user_1759577752392@testing.com', '$2a$12$MSrR6Xs6obHcYSToHOxcPOS5ejUaA.IIrwhUV81xlZQcbDaGQXBNq', 'employee', 11, true) ON CONFLICT ("employeeId") DO NOTHING;
INSERT INTO users (user_id, "employeeId", usuario, "firstName", "lastName", email, password, role, company_id, is_active) VALUES ('67abc655-b2f5-4a72-8629-cd45eb971225', 'EMP_1759577744282', 'auto_user_1759577744305', 'Usuario', 'Automatizado 32', 'auto_user_1759577744305@testing.com', '$2a$12$Lh2xkXfsNlNE561mCgOMPO2v9suTMvg3MF9qc3OZHOgAynAncJsRm', 'employee', 11, true) ON CONFLICT ("employeeId") DO NOTHING;
INSERT INTO users (user_id, "employeeId", usuario, "firstName", "lastName", email, password, role, company_id, is_active) VALUES ('6951beae-cd70-4ccb-be02-d961d495bb3e', 'EMP_1759577741992', 'auto_user_1759577742008', 'Usuario', 'Automatizado 25', 'auto_user_1759577742008@testing.com', '$2a$12$I7UaMwQaU25Rosx0/WVoLOKHVx/BRFQT1CV1Ae1MKrFfEeQOODVRG', 'employee', 11, true) ON CONFLICT ("employeeId") DO NOTHING;
INSERT INTO users (user_id, "employeeId", usuario, "firstName", "lastName", email, password, role, company_id, is_active) VALUES ('6d733041-90f4-41b3-95b7-6f11a7fa4970', 'EMP_1759536150317', 'test_1759536150300', 'Test', 'UserUpdated_1759536150300', 'test_1759536150300@example.com', '$2a$12$DDUTI8ktttxVDtsxEs/1l.Xuv72jdNcR5qK/oKpVj/JfjbjC7lYMe', 'employee', 11, false) ON CONFLICT ("employeeId") DO NOTHING;
INSERT INTO users (user_id, "employeeId", usuario, "firstName", "lastName", email, password, role, company_id, is_active) VALUES ('6dc53f30-4184-4e99-84fe-19875911bea0', 'EMP_1759577755586', 'auto_user_1759577755643', 'Usuario', 'Automatizado 66', 'auto_user_1759577755643@testing.com', '$2a$12$Tg2naTZN.8x6t8Etc4kYXOEJbm6CL9rqPdP57x5btGmuIXyDWvFGm', 'employee', 11, true) ON CONFLICT ("employeeId") DO NOTHING;
INSERT INTO users (user_id, "employeeId", usuario, "firstName", "lastName", email, password, role, company_id, is_active) VALUES ('6de2bf13-37f9-43d0-8242-40452e2d91fa', 'EMP_1759536069254', 'test_1759536069240', 'Test', 'User_1759536069240', 'test_1759536069240@example.com', '$2a$12$79KfvLMUkvLLxr9odiiW.OzVtJvRvjpzOTOwor8m5dzFb.6ocJTrS', 'employee', 11, false) ON CONFLICT ("employeeId") DO NOTHING;
INSERT INTO users (user_id, "employeeId", usuario, "firstName", "lastName", email, password, role, company_id, is_active) VALUES ('6e1ff333-001b-4565-8f38-4fac1c891177', 'EMP5ADM001', 'admin5', 'Administrador', 'Sistema', 'admin5@sistema.local', '$2b$12$zG6HYHn1RxJBQyt7KLDRW.4om3i2SbRa99cGxJmx0/2j9.eOcFIRK', 'admin', 5, true) ON CONFLICT ("employeeId") DO NOTHING;
INSERT INTO users (user_id, "employeeId", usuario, "firstName", "lastName", email, password, role, company_id, is_active) VALUES ('70549f3d-61a6-40ce-95a2-4ef86177460b', 'EMP_1759577740621', 'auto_user_1759577740632', 'Usuario', 'Automatizado 21', 'auto_user_1759577740632@testing.com', '$2a$12$2wft4mlVkE6r6yWbZ3ABpegXclYuzo1PHYQSjKwShW5iAZwjuUOhi', 'employee', 11, true) ON CONFLICT ("employeeId") DO NOTHING;
INSERT INTO users (user_id, "employeeId", usuario, "firstName", "lastName", email, password, role, company_id, is_active) VALUES ('726197cb-5fe3-49e0-94c1-b0e59b8f7e80', 'EMP_1759577743598', 'auto_user_1759577743619', 'Usuario', 'Automatizado 30', 'auto_user_1759577743619@testing.com', '$2a$12$tlTcjyBXXR2c24KH39Dd3utS6fMlKF7DVy/aNTpI59nnrQRsUvkoO', 'employee', 11, true) ON CONFLICT ("employeeId") DO NOTHING;
INSERT INTO users (user_id, "employeeId", usuario, "firstName", "lastName", email, password, role, company_id, is_active) VALUES ('73172964-835d-4658-94d5-c6085d5d30fc', 'EMP_1759577749600', 'auto_user_1759577749638', 'Usuario', 'Automatizado 48', 'auto_user_1759577749638@testing.com', '$2a$12$86K9uitS0GpN9VOPxL22FexB/.QoWZQdKojIhill5.bLKxMp6XSy2', 'employee', 11, true) ON CONFLICT ("employeeId") DO NOTHING;
INSERT INTO users (user_id, "employeeId", usuario, "firstName", "lastName", email, password, role, company_id, is_active) VALUES ('74548c5f-2fe5-4ded-9e72-cd3efc82ce5f', 'EMP_1759535596845', 'test_1759535596838', 'Test', 'User_1759535596838', 'test_1759535596838@example.com', '$2a$12$tMzOlSTfXfvVVBTRaJzzNegbWLGDlPueAO./Y0h5y0loDArSAhrQu', 'employee', 11, true) ON CONFLICT ("employeeId") DO NOTHING;
INSERT INTO users (user_id, "employeeId", usuario, "firstName", "lastName", email, password, role, company_id, is_active) VALUES ('756dc1f4-a096-4501-a174-5e329bc01639', 'EMP_1759577765175', 'auto_user_1759577765261', 'Usuario', 'Automatizado 95', 'auto_user_1759577765261@testing.com', '$2a$12$jCScGq6PhWSGrj/if61TjezdtLFGjWH9ddzj5rpapVrK3in8PT27i', 'employee', 11, true) ON CONFLICT ("employeeId") DO NOTHING;
INSERT INTO users (user_id, "employeeId", usuario, "firstName", "lastName", email, password, role, company_id, is_active) VALUES ('758f5597-a885-48bc-b16b-48eb6c908f1c', 'EMP_1759577745601', 'auto_user_1759577745629', 'Usuario', 'Automatizado 36', 'auto_user_1759577745629@testing.com', '$2a$12$454lGoEbig9vy3pLalMfKeVcnNtSDQeJDGfXied2CBzkBQub.2BuK', 'employee', 11, true) ON CONFLICT ("employeeId") DO NOTHING;
INSERT INTO users (user_id, "employeeId", usuario, "firstName", "lastName", email, password, role, company_id, is_active) VALUES ('766de495-e4f3-4e91-a509-1a495c52e15c', 'EMP-ISI-001', 'admin', 'Admin', 'ISI', 'admin@isi.com', '$2a$10$dehIz8AqtTB6vNRJV74rRempOSQMefNpZhM6D6Rqr8Z280Fzw72lW', 'admin', 11, true) ON CONFLICT ("employeeId") DO NOTHING;
INSERT INTO users (user_id, "employeeId", usuario, "firstName", "lastName", email, password, role, company_id, is_active) VALUES ('79aeb588-3c6f-4e4e-b024-400b41fd9604', 'EMP_1759577751662', 'auto_user_1759577751701', 'Usuario', 'Automatizado 54', 'auto_user_1759577751701@testing.com', '$2a$12$0pSay5eEOsrDjAisk3Sl3eFvlwbRvP1UUoS1Z/zWhKr17DsbbBF5e', 'employee', 11, true) ON CONFLICT ("employeeId") DO NOTHING;
INSERT INTO users (user_id, "employeeId", usuario, "firstName", "lastName", email, password, role, company_id, is_active) VALUES ('7a99e16c-fa87-4407-bfba-070980d3fa8a', 'EMP_1759577740293', 'auto_user_1759577740304', 'Usuario', 'Automatizado 20', 'auto_user_1759577740304@testing.com', '$2a$12$8rYgiJK1JUnv.RINzzpRMulEBgdUmlKWW/0r0npTnAxuKI39TnpXG', 'employee', 11, true) ON CONFLICT ("employeeId") DO NOTHING;
INSERT INTO users (user_id, "employeeId", usuario, "firstName", "lastName", email, password, role, company_id, is_active) VALUES ('7b8f254d-8dc9-4eb1-9ea6-4c7c744915cd', 'EMP_1759577757506', 'auto_user_1759577757568', 'Usuario', 'Automatizado 72', 'auto_user_1759577757568@testing.com', '$2a$12$oZHUvGrW.yJb56wnwYZZpum0pVNA4K4AmQifrVB9zhje3OAQ1TgRm', 'employee', 11, true) ON CONFLICT ("employeeId") DO NOTHING;
INSERT INTO users (user_id, "employeeId", usuario, "firstName", "lastName", email, password, role, company_id, is_active) VALUES ('7dfda8b1-96a9-4953-a82f-bd3e788e0b8d', 'EMP_1759577746310', 'auto_user_1759577746338', 'Usuario', 'Automatizado 38', 'auto_user_1759577746338@testing.com', '$2a$12$cwXXSesKAgascGYCCV2yRu3Wqpz74036oU9JcFI9.ofLlssNTlhka', 'employee', 11, true) ON CONFLICT ("employeeId") DO NOTHING;
INSERT INTO users (user_id, "employeeId", usuario, "firstName", "lastName", email, password, role, company_id, is_active) VALUES ('7ed78a84-dc21-4097-9dd3-bc877e9550f0', 'EMP_1759577734557', 'auto_user_1759577734548', 'Usuario', 'Automatizado 3', 'auto_user_1759577734548@testing.com', '$2a$12$8rWgtrj2.JK2iybNZGDrJ.eXmQ1F1EJMSl5novbNumuq9cLBgp8ni', 'employee', 11, true) ON CONFLICT ("employeeId") DO NOTHING;
INSERT INTO users (user_id, "employeeId", usuario, "firstName", "lastName", email, password, role, company_id, is_active) VALUES ('820efdb0-89f1-4c00-9b46-0ea949492657', 'EMP_1759577759459', 'auto_user_1759577759529', 'Usuario', 'Automatizado 78', 'auto_user_1759577759529@testing.com', '$2a$12$hU42u2hdxUZefd1KIR/3gOaGEaELmxCVDwzmIxNBXeOdKbpKxdO3W', 'employee', 11, true) ON CONFLICT ("employeeId") DO NOTHING;
INSERT INTO users (user_id, "employeeId", usuario, "firstName", "lastName", email, password, role, company_id, is_active) VALUES ('82f29924-c25b-4fbf-8f8b-76200e05c104', 'EMP_1759577750243', 'auto_user_1759577750277', 'Usuario', 'Automatizado 50', 'auto_user_1759577750277@testing.com', '$2a$12$IqvFRxvG05V4YqS5vtIcX.O4EZmB.YVLflAxpdT/Mcl1hLgOp95cm', 'employee', 11, true) ON CONFLICT ("employeeId") DO NOTHING;
INSERT INTO users (user_id, "employeeId", usuario, "firstName", "lastName", email, password, role, company_id, is_active) VALUES ('8661eab7-8309-43c1-be11-728158650069', 'EMP_1759577748587', 'auto_user_1759577748622', 'Usuario', 'Automatizado 45', 'auto_user_1759577748622@testing.com', '$2a$12$.hcGo4TQTdfm4fTier.ex.OxJNx7wAsB//t3YwqaRZ3bPVOEScbH.', 'employee', 11, true) ON CONFLICT ("employeeId") DO NOTHING;
INSERT INTO users (user_id, "employeeId", usuario, "firstName", "lastName", email, password, role, company_id, is_active) VALUES ('8936efed-4976-4e85-9473-0e38adf8b9a8', 'EMP_1759577766143', 'auto_user_1759577766232', 'Usuario', 'Automatizado 98', 'auto_user_1759577766232@testing.com', '$2a$12$Tv8vFU3KYaZFF89c908ZNeDwvJe5MXuZrcBq1y6W4DGqwAArvBEGe', 'employee', 11, true) ON CONFLICT ("employeeId") DO NOTHING;
INSERT INTO users (user_id, "employeeId", usuario, "firstName", "lastName", email, password, role, company_id, is_active) VALUES ('8a9bcd78-a243-4b32-b758-18997c678e22', 'EMP_1759577756534', 'auto_user_1759577756595', 'Usuario', 'Automatizado 69', 'auto_user_1759577756595@testing.com', '$2a$12$W4u9.NMcKwTibPZPaBv4p.jdpqUlArQ5UplOXwFJdZ6CEA6zIoVna', 'employee', 11, true) ON CONFLICT ("employeeId") DO NOTHING;
INSERT INTO users (user_id, "employeeId", usuario, "firstName", "lastName", email, password, role, company_id, is_active) VALUES ('8c495e67-0b24-4923-a6f3-c8f4280c07c5', 'EMP_1759577738956', 'auto_user_1759577738963', 'Usuario', 'Automatizado 16', 'auto_user_1759577738963@testing.com', '$2a$12$yy/Wm4PHYetCZsD8VEbYge6g.i4Lz3UPX2cJ0wv4YJj2rhyNni1WC', 'employee', 11, true) ON CONFLICT ("employeeId") DO NOTHING;
INSERT INTO users (user_id, "employeeId", usuario, "firstName", "lastName", email, password, role, company_id, is_active) VALUES ('913149e1-68a3-43e0-bebe-c24d98e6c911', 'EMP_1759577738256', 'auto_user_1759577738262', 'Usuario', 'Automatizado 14', 'auto_user_1759577738262@testing.com', '$2a$12$KfiwXHAlYirwcdfs8Z3pYeZxRR53PDeIJ71AjWCzjRO23VW/veAq2', 'employee', 11, true) ON CONFLICT ("employeeId") DO NOTHING;
INSERT INTO users (user_id, "employeeId", usuario, "firstName", "lastName", email, password, role, company_id, is_active) VALUES ('9194b106-a763-4165-8ead-169a9a3b1f72', 'EMP_1759540958457', 'test1759540958448', 'Usuario Actualizado', 'Testing Real DB v2', 'updated1759540958448@testing.com', '$2a$12$YpQmuqGC6zbV7dR5D3NnWO7vtg4NQ.XS5uHmiowMJjqjCS2n/jcfW', 'employee', 11, true) ON CONFLICT ("employeeId") DO NOTHING;
INSERT INTO users (user_id, "employeeId", usuario, "firstName", "lastName", email, password, role, company_id, is_active) VALUES ('927f7908-0c7d-4487-8634-9ae1ac0525e6', 'EMP_1759577741290', 'auto_user_1759577741303', 'Usuario', 'Automatizado 23', 'auto_user_1759577741303@testing.com', '$2a$12$0iSN4kltsbYrImn9Imirtee7Vk30ZLan0z41kxRaKNGyW6L25/6Ee', 'employee', 11, true) ON CONFLICT ("employeeId") DO NOTHING;
INSERT INTO users (user_id, "employeeId", usuario, "firstName", "lastName", email, password, role, company_id, is_active) VALUES ('93617963-9932-48b7-af09-ac7e1b162ea3', 'EMP_1759577739286', 'auto_user_1759577739294', 'Usuario', 'Automatizado 17', 'auto_user_1759577739294@testing.com', '$2a$12$jgtJ1i4s95svUidAzSSV9eMjgSMvNoNSWewBw4EaZEWl2nmeLuE1e', 'employee', 11, true) ON CONFLICT ("employeeId") DO NOTHING;
INSERT INTO users (user_id, "employeeId", usuario, "firstName", "lastName", email, password, role, company_id, is_active) VALUES ('94a40a2a-f38a-4c1d-a20a-7154dcf3725a', 'EMP_1759577743288', 'auto_user_1759577743307', 'Usuario', 'Automatizado 29', 'auto_user_1759577743307@testing.com', '$2a$12$ja3v4eLg3tOharKH70r7Zuk8iNRQ/2SQKifnjPgaey3xVNgzKof7i', 'employee', 11, true) ON CONFLICT ("employeeId") DO NOTHING;
INSERT INTO users (user_id, "employeeId", usuario, "firstName", "lastName", email, password, role, company_id, is_active) VALUES ('98bf4f03-7655-42b0-91fd-236d793084d8', 'EMP_1759577741619', 'auto_user_1759577741634', 'Usuario', 'Automatizado 24', 'auto_user_1759577741634@testing.com', '$2a$12$fsf1FRWIQQ5rf/lnIZ1fl.yiJAzhhEPdYq6R2B2fV5wkc6p.aQZD6', 'employee', 11, true) ON CONFLICT ("employeeId") DO NOTHING;
INSERT INTO users (user_id, "employeeId", usuario, "firstName", "lastName", email, password, role, company_id, is_active) VALUES ('9933e9a3-19f7-4c82-9a94-519f68e5685a', 'EMP_1759577757807', 'auto_user_1759577757871', 'Usuario', 'Automatizado 73', 'auto_user_1759577757871@testing.com', '$2a$12$5QQ8RPOVAXlBsX2Vtm8gOupOjhLlk3vmmUVm/upKZK7im3jziKbNe', 'employee', 11, true) ON CONFLICT ("employeeId") DO NOTHING;
INSERT INTO users (user_id, "employeeId", usuario, "firstName", "lastName", email, password, role, company_id, is_active) VALUES ('9cd46dbd-7be9-441a-abef-10910ed23edd', 'EMP_1759577750972', 'auto_user_1759577751015', 'Usuario', 'Automatizado 52', 'auto_user_1759577751015@testing.com', '$2a$12$ElKzyhRrIbCxMx/vCIYZw.A54jivNfD.lTuCG3sBoKGsxTtPhSZ26', 'employee', 11, true) ON CONFLICT ("employeeId") DO NOTHING;
INSERT INTO users (user_id, "employeeId", usuario, "firstName", "lastName", email, password, role, company_id, is_active) VALUES ('9e590cde-b83c-4d34-ac93-68f03aa0a3aa', 'EMP_1759577764185', 'auto_user_1759577764268', 'Usuario', 'Automatizado 92', 'auto_user_1759577764268@testing.com', '$2a$12$l61MkL0O2s5opX1rxD27PuJ4MVOORzLECJxNhMyZu2rgIBTSrVSAe', 'employee', 11, true) ON CONFLICT ("employeeId") DO NOTHING;
INSERT INTO users (user_id, "employeeId", usuario, "firstName", "lastName", email, password, role, company_id, is_active) VALUES ('9f2b7a5b-b22b-410b-8ecf-558f968b8f75', 'EMP_1759577736924', 'auto_user_1759577736925', 'Usuario', 'Automatizado 10', 'auto_user_1759577736925@testing.com', '$2a$12$zZ1AlNwxBmTOeB7AjaTZOuYN7mIk5EXlg8SHp/XlzD.qO1CWTc5iS', 'employee', 11, true) ON CONFLICT ("employeeId") DO NOTHING;
INSERT INTO users (user_id, "employeeId", usuario, "firstName", "lastName", email, password, role, company_id, is_active) VALUES ('a065ef06-f094-4503-845d-721cdbd8dc53', 'EMP_1759577747589', 'auto_user_1759577747622', 'Usuario', 'Automatizado 42', 'auto_user_1759577747622@testing.com', '$2a$12$iwM793RM1Y/yfEkRre.GCO2kN1Xo3rfXT3NXUJCJlIb0Mq0yVS6CC', 'employee', 11, true) ON CONFLICT ("employeeId") DO NOTHING;
INSERT INTO users (user_id, "employeeId", usuario, "firstName", "lastName", email, password, role, company_id, is_active) VALUES ('a43b940c-1ad9-4925-aff5-9dce68f601d0', 'EMP_1759577745935', 'auto_user_1759577745963', 'Usuario', 'Automatizado 37', 'auto_user_1759577745963@testing.com', '$2a$12$TSLIsyhISQYiLqxrKYzwk.isKQ67exmFn1TTewlzA86Lj.bwfFlhi', 'employee', 11, true) ON CONFLICT ("employeeId") DO NOTHING;
INSERT INTO users (user_id, "employeeId", usuario, "firstName", "lastName", email, password, role, company_id, is_active) VALUES ('a7cdd8e0-98f5-4152-b0f8-3de23be85652', 'EMP_1759577742962', 'auto_user_1759577742979', 'Usuario', 'Automatizado 28', 'auto_user_1759577742979@testing.com', '$2a$12$JvGayim.5YOcWngBS0x/6.6lm92.1b1nK261.scbJcU3Ej5a8nm0e', 'employee', 11, true) ON CONFLICT ("employeeId") DO NOTHING;
INSERT INTO users (user_id, "employeeId", usuario, "firstName", "lastName", email, password, role, company_id, is_active) VALUES ('aab96085-7de1-4724-b093-269e2fa7d677', 'EMP_1759577754298', 'auto_user_1759577754352', 'Usuario', 'Automatizado 62', 'auto_user_1759577754352@testing.com', '$2a$12$VFEcXGl9M6/ihGnemkmGt.5hcQQ92ADo/yNsJcNfSJ9XnGpDrHfoC', 'employee', 11, true) ON CONFLICT ("employeeId") DO NOTHING;
INSERT INTO users (user_id, "employeeId", usuario, "firstName", "lastName", email, password, role, company_id, is_active) VALUES ('acc276e8-1eb8-4f58-aa2b-e5f439503b6b', 'EMP_1759577734238', 'auto_user_1759577734230', 'Usuario', 'Automatizado 2', 'auto_user_1759577734230@testing.com', '$2a$12$DXkujR9axGkQirQ0EorJRu5wzYLq7UFFMS8anqxNgDw7GZLBQ2wim', 'employee', 11, true) ON CONFLICT ("employeeId") DO NOTHING;
INSERT INTO users (user_id, "employeeId", usuario, "firstName", "lastName", email, password, role, company_id, is_active) VALUES ('af40520a-6066-420f-a530-83ee8626096c', 'EMP_1759577761880', 'auto_user_1759577761955', 'Usuario', 'Automatizado 85', 'auto_user_1759577761955@testing.com', '$2a$12$kPPGmUHujF7UFNv2i2i7b.yldpysrFYntjn0pwz6X/3GG0XrcLciu', 'employee', 11, true) ON CONFLICT ("employeeId") DO NOTHING;
INSERT INTO users (user_id, "employeeId", usuario, "firstName", "lastName", email, password, role, company_id, is_active) VALUES ('af4b1975-f0ac-4c5d-a389-ae5c472480fe', 'EMP_1759539353422', 'test1759539353407', 'Usuario Actualizado', 'Testing Real DB v2', 'updated1759539353407@testing.com', '$2a$12$tOXaoPiNIjtYcsrM2QmIr.v75kFZNxcX3ALaIIPT.sOii2xU2d4ay', 'employee', 11, false) ON CONFLICT ("employeeId") DO NOTHING;
INSERT INTO users (user_id, "employeeId", usuario, "firstName", "lastName", email, password, role, company_id, is_active) VALUES ('afd3ea3c-2255-4ef9-86b0-5006de5e98af', 'EMP_1759577737235', 'auto_user_1759577737236', 'Usuario', 'Automatizado 11', 'auto_user_1759577737236@testing.com', '$2a$12$8GDs.sGd0sfTScS1Ia.z0.GGjH3UI6y7SQzkcWYbTnCumY4RlxJHa', 'employee', 11, true) ON CONFLICT ("employeeId") DO NOTHING;
INSERT INTO users (user_id, "employeeId", usuario, "firstName", "lastName", email, password, role, company_id, is_active) VALUES ('b28fddd8-7423-4940-b49e-eb64c9d92e5c', 'EMP_1759577743961', 'auto_user_1759577743980', 'Usuario', 'Automatizado 31', 'auto_user_1759577743980@testing.com', '$2a$12$RVfhGEK.0dX/Vs1pV7oYJOwkbMYlioOd1azbomylDhppcnyvo1nxq', 'employee', 11, true) ON CONFLICT ("employeeId") DO NOTHING;
INSERT INTO users (user_id, "employeeId", usuario, "firstName", "lastName", email, password, role, company_id, is_active) VALUES ('b7d5b3e2-b326-4613-9d40-e7d46c67684a', 'EMP_1759577753670', 'auto_user_1759577753720', 'Usuario', 'Automatizado 60', 'auto_user_1759577753720@testing.com', '$2a$12$d6xl4Op7qku.7xEF/E2fGuB0/gDmfmYuOSVAcJWFPFShfYsg22TU6', 'employee', 11, true) ON CONFLICT ("employeeId") DO NOTHING;
INSERT INTO users (user_id, "employeeId", usuario, "firstName", "lastName", email, password, role, company_id, is_active) VALUES ('b814114e-718a-402f-a41b-98952827c764', 'EMP_1759577760172', 'auto_user_1759577760242', 'Usuario', 'Automatizado 80', 'auto_user_1759577760242@testing.com', '$2a$12$qxncVlbS/sEnjzs6V4UWF.HIJF5cVVAB1JnpKDvHNtH1ztOtO3m1u', 'employee', 11, true) ON CONFLICT ("employeeId") DO NOTHING;
INSERT INTO users (user_id, "employeeId", usuario, "firstName", "lastName", email, password, role, company_id, is_active) VALUES ('ba38b13e-f764-47af-9c78-aaf006ae300c', 'EMP_1759577766824', 'auto_user_1759577766916', 'Usuario', 'Automatizado 100', 'auto_user_1759577766916@testing.com', '$2a$12$K0QgCk0TLa2lM/p.lHCv1uISUKfPd0kuBsKxTmZmjxi3xUGcjPYFi', 'employee', 11, true) ON CONFLICT ("employeeId") DO NOTHING;
INSERT INTO users (user_id, "employeeId", usuario, "firstName", "lastName", email, password, role, company_id, is_active) VALUES ('ba6716ce-ab34-4124-9f42-1634a50607fa', 'EMP_1759577738620', 'auto_user_1759577738625', 'Usuario', 'Automatizado 15', 'auto_user_1759577738625@testing.com', '$2a$12$nX0PQa7921LAtB5RLvHfZu6PXIT/hk1AZGaUrZfenSIL/5olyUWce', 'employee', 11, true) ON CONFLICT ("employeeId") DO NOTHING;
INSERT INTO users (user_id, "employeeId", usuario, "firstName", "lastName", email, password, role, company_id, is_active) VALUES ('ba7abdd4-9634-442c-a66d-97a3cd84b54b', 'EMP_1759577749214', 'auto_user_1759577749252', 'Usuario', 'Automatizado 47', 'auto_user_1759577749252@testing.com', '$2a$12$X.2yGO36gbruFvxgxayFO.z14Ma/D9lOWFGYtb6RjhETSZt27Y.qq', 'employee', 11, true) ON CONFLICT ("employeeId") DO NOTHING;
INSERT INTO users (user_id, "employeeId", usuario, "firstName", "lastName", email, password, role, company_id, is_active) VALUES ('baf1d07e-32c4-49f8-846b-042f70f6d4a5', 'EMP_1759577755933', 'auto_user_1759577755990', 'Usuario', 'Automatizado 67', 'auto_user_1759577755990@testing.com', '$2a$12$wt1riB/diyvXr5bjwntTpOLZmI2KpsHMfTRMpOrJKbKl3kFS5I89G', 'employee', 11, true) ON CONFLICT ("employeeId") DO NOTHING;
INSERT INTO users (user_id, "employeeId", usuario, "firstName", "lastName", email, password, role, company_id, is_active) VALUES ('bf71ca48-f80a-4099-abb8-2d44579a3e3f', 'EMP19ADM001', 'admin19', 'Administrador', 'Sistema', 'admin19@sistema.local', '$2b$12$rDSUHamseNJZL9YSqZDBmO1xlVl7IkxMkrAm5PjGM740FChXeLh8S', 'admin', 19, true) ON CONFLICT ("employeeId") DO NOTHING;
INSERT INTO users (user_id, "employeeId", usuario, "firstName", "lastName", email, password, role, company_id, is_active) VALUES ('c2c54d0c-f8cd-48ad-bfdf-bf92f434058b', 'EMP_1759577765838', 'auto_user_1759577765926', 'Usuario', 'Automatizado 97', 'auto_user_1759577765926@testing.com', '$2a$12$iijxFKqHx6b1md4E.gXBPe0eqFRpo3DUdX.z.T/Tkhz54F2lBEmBK', 'employee', 11, true) ON CONFLICT ("employeeId") DO NOTHING;
INSERT INTO users (user_id, "employeeId", usuario, "firstName", "lastName", email, password, role, company_id, is_active) VALUES ('c34fde39-aecb-4e2a-84c9-f765b0290bfe', 'ADMIN1', '', 'Admin', 'Panel Transporte', 'admin1@transportes.com', '$2b$10$UUnyrP/u4.e9UjNQQ9UNB.K/VexzAFQXmGqTg.ydehhfOQqEgvBsi', 'employee', 21, true) ON CONFLICT ("employeeId") DO NOTHING;
INSERT INTO users (user_id, "employeeId", usuario, "firstName", "lastName", email, password, role, company_id, is_active) VALUES ('c3b0b958-ca9a-40a9-b5d1-95a54cfb9f41', 'EMP_1759536960604', 'test_1759536960588', 'Test', 'UserUpdated_1759536960588', 'test_1759536960588@example.com', '$2a$12$C8zXG2klRPIKHdOpE8WOxOLnWE11bVblIArVo0Gx/7syKPrAVDIQm', 'employee', 11, false) ON CONFLICT ("employeeId") DO NOTHING;
INSERT INTO users (user_id, "employeeId", usuario, "firstName", "lastName", email, password, role, company_id, is_active) VALUES ('c4705c39-e043-4e39-afff-bf7a4886d90c', 'EMP_1759577742610', 'auto_user_1759577742625', 'Usuario', 'Automatizado 27', 'auto_user_1759577742625@testing.com', '$2a$12$9lgdZNSt5SnIMqTXVX5NWuJSf4zm8abjGlPJKHaC8Hql/dlBUnjl6', 'employee', 11, true) ON CONFLICT ("employeeId") DO NOTHING;
INSERT INTO users (user_id, "employeeId", usuario, "firstName", "lastName", email, password, role, company_id, is_active) VALUES ('c4927c7b-a9f9-4286-a88e-970164167d82', 'EMP_1759577763880', 'auto_user_1759577763963', 'Usuario', 'Automatizado 91', 'auto_user_1759577763963@testing.com', '$2a$12$da5G3NwbALsREumzVDptTeCk2ZHiW5FCsDxTD19Fq041gEypOakpC', 'employee', 11, true) ON CONFLICT ("employeeId") DO NOTHING;
INSERT INTO users (user_id, "employeeId", usuario, "firstName", "lastName", email, password, role, company_id, is_active) VALUES ('c667529f-13a7-4146-b794-18d9f4b2b01f', 'EMP_1759577742297', 'auto_user_1759577742314', 'Usuario', 'Automatizado 26', 'auto_user_1759577742314@testing.com', '$2a$12$.KQTsk6NS8I9FRhTEoIUROxGR0cMkru0ah7Tnv4i2UfaRVqzWo5OK', 'employee', 11, true) ON CONFLICT ("employeeId") DO NOTHING;
INSERT INTO users (user_id, "employeeId", usuario, "firstName", "lastName", email, password, role, company_id, is_active) VALUES ('c7e0c372-8716-41f9-bf3d-d89e21ba7b63', 'EMP_1759577753035', 'auto_user_1759577753083', 'Usuario', 'Automatizado 58', 'auto_user_1759577753083@testing.com', '$2a$12$DC6PYtTCQTSQesA8sjuTjOybrvEQifu7/4QyMxjti3oYe/DVmnDvK', 'employee', 11, true) ON CONFLICT ("employeeId") DO NOTHING;
INSERT INTO users (user_id, "employeeId", usuario, "firstName", "lastName", email, password, role, company_id, is_active) VALUES ('c8f71188-d840-493a-9c7a-309584413aa9', 'EMP_1759577737617', 'auto_user_1759577737618', 'Usuario', 'Automatizado 12', 'auto_user_1759577737618@testing.com', '$2a$12$4HJc7zt5GDnPaPftHmX8Ie7mluYOjZB4xoXJRO5JvHHCYajSHDJM2', 'employee', 11, true) ON CONFLICT ("employeeId") DO NOTHING;
INSERT INTO users (user_id, "employeeId", usuario, "firstName", "lastName", email, password, role, company_id, is_active) VALUES ('cadadcf6-7664-49e5-8712-ebf0a54d6254', 'EMP_1759577736612', 'auto_user_1759577736610', 'Usuario', 'Automatizado 9', 'auto_user_1759577736610@testing.com', '$2a$12$CqtjNMcFrRduu5MIFmT9xuxGiEeU2oVCnKehUpwJ6QkGSgQrBiO2G', 'employee', 11, true) ON CONFLICT ("employeeId") DO NOTHING;
INSERT INTO users (user_id, "employeeId", usuario, "firstName", "lastName", email, password, role, company_id, is_active) VALUES ('cedc2f80-5968-423b-8cd6-cdf7cdd5921d', 'EMP001', 'juan.perez', 'Juan', 'Pérez', 'juan.perez@test.com', '$2a$10$GEqaKuk6zmUnxidaPnapl.OZ/64MO.pbVg5sQXOnocnQruCTwEYNq', 'employee', 11, true) ON CONFLICT ("employeeId") DO NOTHING;
INSERT INTO users (user_id, "employeeId", usuario, "firstName", "lastName", email, password, role, company_id, is_active) VALUES ('d0002728-388e-4bbd-b813-6ab6f7fdf46a', 'EMP_1759540866245', 'test1759540866224', 'Usuario', 'Testing Real DB', 'test1759540866224@testing.com', '$2a$12$tL8emZaqIzZCn8lgbVIaqeHalUdCzLnU4W7aixOqcjGnc87tv3dKe', 'employee', 11, false) ON CONFLICT ("employeeId") DO NOTHING;
INSERT INTO users (user_id, "employeeId", usuario, "firstName", "lastName", email, password, role, company_id, is_active) VALUES ('d0671afd-3e2e-4971-a5aa-a7bc52d03abf', 'EMP_1759577761578', 'auto_user_1759577761653', 'Usuario', 'Automatizado 84', 'auto_user_1759577761653@testing.com', '$2a$12$8wJTSEXPudSzd63sLj1Bj.9RsEi36AlASkGdo2pNSxxzAv/UMBRuO', 'employee', 11, true) ON CONFLICT ("employeeId") DO NOTHING;
INSERT INTO users (user_id, "employeeId", usuario, "firstName", "lastName", email, password, role, company_id, is_active) VALUES ('d153cabe-fa77-46e3-80d5-cf30dc7a1c3c', 'EMP_1759577750620', 'auto_user_1759577750658', 'Usuario', 'Automatizado 51', 'auto_user_1759577750658@testing.com', '$2a$12$XUZSH7IsjICVhNIaVHLh2u60Ew1o95MS7YeU.ZZfN8ywtt9VkJZLq', 'employee', 11, true) ON CONFLICT ("employeeId") DO NOTHING;
INSERT INTO users (user_id, "employeeId", usuario, "firstName", "lastName", email, password, role, company_id, is_active) VALUES ('d2ace38c-d79a-4c9d-833d-ed549fc948f1', 'EMP_1759550330192', 'test1759550330180', 'Usuario Actualizado', 'Testing Real DB v2', 'updated1759550330180@testing.com', '$2a$12$ZLzIVjbOEozMvQW7TfTCOeqigEioJOkiQZaoPk6VF07W3vsASDn62', 'employee', 11, true) ON CONFLICT ("employeeId") DO NOTHING;
INSERT INTO users (user_id, "employeeId", usuario, "firstName", "lastName", email, password, role, company_id, is_active) VALUES ('d4490de8-964c-46a1-b126-15acf36a6c60', 'EMP_1759577739991', 'auto_user_1759577740001', 'Usuario', 'Automatizado 19', 'auto_user_1759577740001@testing.com', '$2a$12$AYHmHbDJ9Tnk6o9/uPlb..w6bodGrzn/8uFLD88LrTEla/gI6GIBi', 'employee', 11, true) ON CONFLICT ("employeeId") DO NOTHING;
INSERT INTO users (user_id, "employeeId", usuario, "firstName", "lastName", email, password, role, company_id, is_active) VALUES ('d8a3f3e7-9f21-4f40-aecd-6f6b32796ef1', 'EMP10ADM001', 'admin10', 'Administrador', 'Sistema', 'admin10@sistema.local', '$2b$12$sOQReFPcxGHVaKq8frqPFeyClxbIU0OUdx4JbNKWJeseKne.d6/mm', 'admin', 10, true) ON CONFLICT ("employeeId") DO NOTHING;
INSERT INTO users (user_id, "employeeId", usuario, "firstName", "lastName", email, password, role, company_id, is_active) VALUES ('dcdfcba6-04c1-4742-97e8-77e3b6123038', 'EMP_1759577740969', 'auto_user_1759577740980', 'Usuario', 'Automatizado 22', 'auto_user_1759577740980@testing.com', '$2a$12$/V1y/j8ISWQbrZXFcVz8M.pUQSx0s4wkmGj9JkMTfy3GKjpJTQXL2', 'employee', 11, true) ON CONFLICT ("employeeId") DO NOTHING;
INSERT INTO users (user_id, "employeeId", usuario, "firstName", "lastName", email, password, role, company_id, is_active) VALUES ('de3dc1f0-248b-4ca3-b2b5-35be4b948c2e', 'EMP_1759577749913', 'auto_user_1759577749954', 'Usuario', 'Automatizado 49', 'auto_user_1759577749954@testing.com', '$2a$12$8fUzP7ox5xNluEqlBF5kfOorpcBs5TCCgsylJOtkr94Gaem2ADRmi', 'employee', 11, true) ON CONFLICT ("employeeId") DO NOTHING;
INSERT INTO users (user_id, "employeeId", usuario, "firstName", "lastName", email, password, role, company_id, is_active) VALUES ('e361b71e-b769-49e5-ae18-4730d57a255a', 'EMP20ADM001', 'admin20', 'Administrador', 'Sistema', 'admin20@sistema.local', '$2b$12$syS/0CRf2mQQ9A8Zx9oYCeWhjpfoMzDcdnbldYAbow0X0usff6Hvq', 'admin', 20, true) ON CONFLICT ("employeeId") DO NOTHING;
INSERT INTO users (user_id, "employeeId", usuario, "firstName", "lastName", email, password, role, company_id, is_active) VALUES ('e4bc39cc-9bfb-4527-b7d9-c5894b45a57a', 'EMP_1759577735901', 'auto_user_1759577735899', 'Usuario', 'Automatizado 7', 'auto_user_1759577735899@testing.com', '$2a$12$c5O4Ej.PJ/BMrW3dqcKteO.N9UIoQT5pPfyKIa0QNL3rIRq94uHOm', 'employee', 11, true) ON CONFLICT ("employeeId") DO NOTHING;
INSERT INTO users (user_id, "employeeId", usuario, "firstName", "lastName", email, password, role, company_id, is_active) VALUES ('e5ac234d-eb68-441f-8566-3149d3b53de3', 'EMP21ADM001', 'admin21', 'Administrador', 'Sistema', 'admin21@sistema.local', '$2b$12$0nM.Qzgc5l/w74FIwPwfq.kOd7Euek4UsWqMyg06E74MNmnoVramG', 'admin', 21, true) ON CONFLICT ("employeeId") DO NOTHING;
INSERT INTO users (user_id, "employeeId", usuario, "firstName", "lastName", email, password, role, company_id, is_active) VALUES ('e6d4b61d-e879-4b56-aa89-d720158b4412', 'EMP_1759577755267', 'auto_user_1759577755323', 'Usuario', 'Automatizado 65', 'auto_user_1759577755323@testing.com', '$2a$12$3XMQI5cyEFciGTtgwlBReu1AihPOcXLEPr4YuS6HcAgsp7C0AXN8S', 'employee', 11, true) ON CONFLICT ("employeeId") DO NOTHING;
INSERT INTO users (user_id, "employeeId", usuario, "firstName", "lastName", email, password, role, company_id, is_active) VALUES ('eab011ea-c2ce-4b6d-9520-2b1d2f5655a6', 'EMP_1759577759145', 'auto_user_1759577759213', 'Usuario', 'Automatizado 77', 'auto_user_1759577759213@testing.com', '$2a$12$Z9tWjBxTH8jCGKZK2BtKLeaMXuCyyLhQTbCoqKjWbq6EkFLuzuFOC', 'employee', 11, true) ON CONFLICT ("employeeId") DO NOTHING;
INSERT INTO users (user_id, "employeeId", usuario, "firstName", "lastName", email, password, role, company_id, is_active) VALUES ('eb127e40-8f4c-4dba-9cb5-22f9367c6aff', 'EMP_1759577758174', 'auto_user_1759577758239', 'Usuario', 'Automatizado 74', 'auto_user_1759577758239@testing.com', '$2a$12$PBbgL2ISOr58GeHSiauhQejKU.XJHIAoKJkEke4Wtn3KioI3JH8Ry', 'employee', 11, true) ON CONFLICT ("employeeId") DO NOTHING;
INSERT INTO users (user_id, "employeeId", usuario, "firstName", "lastName", email, password, role, company_id, is_active) VALUES ('ebf287b2-0e09-4dd1-8afe-5271fa44a109', 'EMP_1759577762889', 'auto_user_1759577762967', 'Usuario', 'Automatizado 88', 'auto_user_1759577762967@testing.com', '$2a$12$QhHEdxyrWkVrJBVeI3KZkeMZ/uA9/jRM5Bo3/bNR3.6Gxg8.0Mcai', 'employee', 11, true) ON CONFLICT ("employeeId") DO NOTHING;
INSERT INTO users (user_id, "employeeId", usuario, "firstName", "lastName", email, password, role, company_id, is_active) VALUES ('f0054aa8-4f1a-4b85-af12-09e3e22e6988', 'EMP_1759577757204', 'auto_user_1759577757266', 'Usuario', 'Automatizado 71', 'auto_user_1759577757266@testing.com', '$2a$12$BUGMEuXs0ULzRA.UCgeYq.tUl2PCrEkEvxfxDk/gi7pBVkrYY9Rpe', 'employee', 11, true) ON CONFLICT ("employeeId") DO NOTHING;
INSERT INTO users (user_id, "employeeId", usuario, "firstName", "lastName", email, password, role, company_id, is_active) VALUES ('f00973cc-8c69-497d-8bf0-42cd1ebbbea6', 'EMP_1759536237971', 'test_1759536237957', 'Test', 'UserUpdated_1759536237957', 'test_1759536237957@example.com', '$2a$12$JOuGW.ov27GoYHDIVDd72u93q2qWXrJQi0pA1Rcg2pJOLF7ATHBlu', 'employee', 11, false) ON CONFLICT ("employeeId") DO NOTHING;
INSERT INTO users (user_id, "employeeId", usuario, "firstName", "lastName", email, password, role, company_id, is_active) VALUES ('f3518284-8585-454b-853a-60b689ef03be', 'ADM_1', 'administrador', 'Administrador', 'APONNT', 'admin@aponnt-empresa-demo.com', '$2b$10$MnLL1LcDmO9SXj7fbwIe0eNslVENzgZ1t0fI1Nzyvmx6kfDtDfOhC', 'admin', 1, true) ON CONFLICT ("employeeId") DO NOTHING;
INSERT INTO users (user_id, "employeeId", usuario, "firstName", "lastName", email, password, role, company_id, is_active) VALUES ('f7b9135c-3ac2-4f98-a0dc-91adab372d65', 'EMP_1759577761210', 'auto_user_1759577761283', 'Usuario', 'Automatizado 83', 'auto_user_1759577761283@testing.com', '$2a$12$vcsTW/Z6nwi66NH5ot2xaOjMYvFTmhKniG24Cnv93Vg9uBX21gI2m', 'employee', 11, true) ON CONFLICT ("employeeId") DO NOTHING;
INSERT INTO users (user_id, "employeeId", usuario, "firstName", "lastName", email, password, role, company_id, is_active) VALUES ('faec2d86-2fbc-4fee-8aed-21199469bd22', 'EMP_1759577745297', 'auto_user_1759577745323', 'Usuario', 'Automatizado 35', 'auto_user_1759577745323@testing.com', '$2a$12$F6xd1qnokjqxSsKL6ZYPwO2v1mid406iBMhNJz9oSBTqvjQJhXGb2', 'employee', 11, true) ON CONFLICT ("employeeId") DO NOTHING;
INSERT INTO users (user_id, "employeeId", usuario, "firstName", "lastName", email, password, role, company_id, is_active) VALUES ('fd083a05-9fd5-444e-8a82-e1db7a97372a', 'EMP_1759577747924', 'auto_user_1759577747953', 'Usuario', 'Automatizado 43', 'auto_user_1759577747953@testing.com', '$2a$12$faTupiUtCqLCt3oFl4PSW.ep.iCHztwaMqrY6nWVWB85s3egiIOhG', 'employee', 11, true) ON CONFLICT ("employeeId") DO NOTHING;
INSERT INTO users (user_id, "employeeId", usuario, "firstName", "lastName", email, password, role, company_id, is_active) VALUES ('fd76a964-9ca0-4a9f-a0a1-7e3d37990011', 'EMP_1759577765485', 'auto_user_1759577765572', 'Usuario', 'Automatizado 96', 'auto_user_1759577765572@testing.com', '$2a$12$.T.2Cew5kcgP7xxyQQPqee.UKBaFUu3KJ418vqHBf5wPolHcgDm0e', 'employee', 11, true) ON CONFLICT ("employeeId") DO NOTHING;

-- 3. DEPARTMENTS
INSERT INTO departments (name, company_id, is_active) VALUES ('Recursos Humanos Editado', 1, false);
INSERT INTO departments (name, company_id, is_active) VALUES ('eeeeeeeeee', 1, false);
INSERT INTO departments (name, company_id, is_active) VALUES ('Recursos Humanos TEST', 1, true);
INSERT INTO departments (name, company_id, is_active) VALUES ('Ventas', 1, false);
INSERT INTO departments (name, company_id, is_active) VALUES ('Departamento Test CRUD ACTUALIZADO', 1, true);
INSERT INTO departments (name, company_id, is_active) VALUES ('TEST_DEPT_UPDATED_1759537685538', 1, false);
INSERT INTO departments (name, company_id, is_active) VALUES ('TEST_DEPT_UPDATED_1759537757813', 1, false);

-- 5. KIOSKS
INSERT INTO kiosks (name, company_id, is_active) VALUES ('PRINCIPA', 11, false);
INSERT INTO kiosks (name, company_id, is_active) VALUES ('principal', 11, true);
INSERT INTO kiosks (name, company_id, is_active) VALUES ('PRODUCCION', 11, true);
INSERT INTO kiosks (name, company_id, is_active) VALUES ('VENTAS', 11, true);
INSERT INTO kiosks (name, company_id, is_active) VALUES ('TEST_KIOSKO_AUTO', 11, true);
INSERT INTO kiosks (name, company_id, is_active) VALUES ('TEST_AUTO_UPDATED_1759534955760', 11, false);
INSERT INTO kiosks (name, company_id, is_active) VALUES ('KIOSKO_ACTUALIZADO_1759539266351', 11, false);
